{
  "type": "minecraft:decorated",
  "config": {
    "decorator": {
      "type": "minecraft:count_extra",
      "config": {
        "count": 1000,
        "extra_count": 0,
        "extra_chance": 0
      }
    },
    "feature": {
      "type": "minecraft:decorated",
      "config": {
        "decorator": {
          "type": "minecraft:square",
          "config": {}
        },
        "feature": {
          "type": "minecraft:decorated",
          "config": {
            "decorator": {
              "type": "minecraft:range",
              "config": {
                "maximum": 80,
                "bottom_offset": 87,
                "top_offset": 1
              }
            },
            "feature": {
              "type": "minecraft:ore",
              "config": {
                "state": {
                  "Name": "minecraft:snow_block"
                },
                "size": 32,
                "target": {
                  "predicate_type": "minecraft:block_match",
                  "block": "minecraft:gravel"
                }
              }
            }
          }
        }
      }
    }
  }
}