{
  "type": "minecraft:decorated",
  "config": {
    "decorator": {
      "type": "minecraft:count_extra",
      "config": {
        "count": 500,
        "extra_count": 0,
        "extra_chance": 0
      }
    },
    "feature": {
      "type": "minecraft:decorated",
      "config": {
        "decorator": {
          "type": "minecraft:decorated",
          "config": {
            "outer": {
              "type": "minecraft:square",
              "config": {}
            },
            "inner": {
              "type": "minecraft:nope",
              "config": {}
            }
          }
        },
        "feature": {
          "type": "minecraft:random_patch",
          "config": {
            "can_replace": false,
            "project": true,
            "need_water": false,
            "xspread": 5,
            "yspread": 20,
            "zspread": 5,
            "tries": 64,
            "state_provider": {
              "type": "minecraft:simple_state_provider",
              "state": {
                "Name": "minecraft:snow",
                "Properties": {
                  "layers": "1"
                }
              }
            },
            "block_placer": {
              "type": "minecraft:simple_block_placer"
            },
            "whitelist": [
              {
                "Name": "minecraft:snow_block"
              },
              {
                "Name": "minecraft:spruce_leaves",
                "Properties": {
                  "persistent": "false",
                  "distance": "1"
                }
              },
              {
                "Name": "minecraft:spruce_leaves",
                "Properties": {
                  "persistent": "false",
                  "distance": "2"
                }
              },
              {
                "Name": "minecraft:spruce_leaves",
                "Properties": {
                  "persistent": "false",
                  "distance": "3"
                }
              },
              {
                "Name": "minecraft:spruce_leaves",
                "Properties": {
                  "persistent": "false",
                  "distance": "4"
                }
              },
              {
                "Name": "minecraft:spruce_leaves",
                "Properties": {
                  "persistent": "false",
                  "distance": "5"
                }
              },
              {
                "Name": "minecraft:spruce_leaves",
                "Properties": {
                  "persistent": "false",
                  "distance": "6"
                }
              },
              {
                "Name": "minecraft:spruce_leaves",
                "Properties": {
                  "persistent": "false",
                  "distance": "7"
                }
              },
              {
                "Name": "minecraft:stripped_spruce_log",
                "Properties": {
                  "axis": "x"
                }
              },
              {
                "Name": "minecraft:stripped_spruce_log",
                "Properties": {
                  "axis": "z"
                }
              }
            ],
            "blacklist": []
          }
        }
      }
    }
  }
}