{
  "type": "minecraft:decorated",
  "config": {
    "decorator": {
      "type": "minecraft:count_noise_biased",
      "config": {
        "noise_to_count_ratio": 100,
        "noise_factor": 100,
        "noise_offset": -0.3
      }
    },
    "feature": {
      "type": "minecraft:decorated",
      "config": {
        "decorator": {
          "type": "minecraft:range",
          "config": {
            "maximum": 2,
            "bottom_offset": 110,
            "top_offset": 0
          }
        },
        "feature": {
          "type": "minecraft:decorated",
          "config": {
            "decorator": {
              "type": "minecraft:square",
              "config": {}
            },
            "feature": {
              "type": "minecraft:lake",
              "config": {
                "state": {
                  "Name": "minecraft:lava",
                  "Properties": {
                    "level": "0"
                  }
                }
              }
            }
          }
        }
      }
    }
  }
}