{
  "type": "minecraft:decorated",
  "config": {
    "decorator": {
      "type": "minecraft:count_noise_biased",
      "config": {
        "noise_to_count_ratio": 20,
        "noise_factor": 200,
        "noise_offset": -0.5
      }
    },
    "feature": {
      "type": "minecraft:decorated",
      "config": {
        "decorator": {
          "type": "minecraft:decorated",
          "config": {
            "outer": {
              "type": "minecraft:heightmap",
              "config": {}
            },
            "inner": {
              "type": "minecraft:square",
              "config": {}
            }
          }
        },
        "feature": {
          "type": "minecraft:simple_random_selector",
          "config": {
            "features": [
              {
                "type": "minecraft:decorated",
                "config": {
                  "decorator": {
                    "type": "minecraft:count",
                    "config": {
                      "count": 5
                    }
                  },
                  "feature": {
                    "type": "minecraft:random_patch",
                    "config": {
                      "can_replace": false,
                      "project": false,
                      "need_water": false,
                      "xspread": 5,
                      "yspread": 5,
                      "zspread": 5,
                      "tries": 64,
                      "state_provider": {
                        "type": "minecraft:simple_state_provider",
                        "state": {
                          "Name": "minecraft:terracotta"
                        }
                      },
                      "block_placer": {
                        "type": "minecraft:simple_block_placer"
                      },
                      "whitelist": [
                        {
                          "Name": "minecraft:terracotta"
                        }
                      ],
                      "blacklist": []
                    }
                  }
                }
              },
              {
                "type": "minecraft:decorated",
                "config": {
                  "decorator": {
                    "type": "minecraft:count",
                    "config": {
                      "count": 10
                    }
                  },
                  "feature": {
                    "type": "minecraft:random_patch",
                    "config": {
                      "can_replace": false,
                      "project": false,
                      "need_water": false,
                      "xspread": 4,
                      "yspread": 7,
                      "zspread": 4,
                      "tries": 64,
                      "state_provider": {
                        "type": "minecraft:simple_state_provider",
                        "state": {
                          "Name": "minecraft:terracotta"
                        }
                      },
                      "block_placer": {
                        "type": "minecraft:simple_block_placer"
                      },
                      "whitelist": [
                        {
                          "Name": "minecraft:terracotta"
                        }
                      ],
                      "blacklist": []
                    }
                  }
                }
              },
              {
                "type": "minecraft:decorated",
                "config": {
                  "decorator": {
                    "type": "minecraft:count",
                    "config": {
                      "count": 20
                    }
                  },
                  "feature": {
                    "type": "minecraft:random_patch",
                    "config": {
                      "can_replace": false,
                      "project": false,
                      "need_water": false,
                      "xspread": 3,
                      "yspread": 10,
                      "zspread": 3,
                      "tries": 64,
                      "state_provider": {
                        "type": "minecraft:simple_state_provider",
                        "state": {
                          "Name": "minecraft:terracotta"
                        }
                      },
                      "block_placer": {
                        "type": "minecraft:simple_block_placer"
                      },
                      "whitelist": [
                        {
                          "Name": "minecraft:terracotta"
                        }
                      ],
                      "blacklist": []
                    }
                  }
                }
              },
              {
                "type": "minecraft:decorated",
                "config": {
                  "decorator": {
                    "type": "minecraft:count",
                    "config": {
                      "count": 40
                    }
                  },
                  "feature": {
                    "type": "minecraft:random_patch",
                    "config": {
                      "can_replace": false,
                      "project": false,
                      "need_water": false,
                      "xspread": 2,
                      "yspread": 12,
                      "zspread": 2,
                      "tries": 64,
                      "state_provider": {
                        "type": "minecraft:simple_state_provider",
                        "state": {
                          "Name": "minecraft:terracotta"
                        }
                      },
                      "block_placer": {
                        "type": "minecraft:simple_block_placer"
                      },
                      "whitelist": [
                        {
                          "Name": "minecraft:terracotta"
                        }
                      ],
                      "blacklist": []
                    }
                  }
                }
              },
              {
                "type": "minecraft:decorated",
                "config": {
                  "decorator": {
                    "type": "minecraft:count",
                    "config": {
                      "count": 60
                    }
                  },
                  "feature": {
                    "type": "minecraft:random_patch",
                    "config": {
                      "can_replace": false,
                      "project": false,
                      "need_water": false,
                      "xspread": 1,
                      "yspread": 15,
                      "zspread": 1,
                      "tries": 64,
                      "state_provider": {
                        "type": "minecraft:simple_state_provider",
                        "state": {
                          "Name": "minecraft:terracotta"
                        }
                      },
                      "block_placer": {
                        "type": "minecraft:simple_block_placer"
                      },
                      "whitelist": [
                        {
                          "Name": "minecraft:terracotta"
                        }
                      ],
                      "blacklist": []
                    }
                  }
                }
              }
            ]
          }
        }
      }
    }
  }
}