{
  "type": "minecraft:decorated",
  "config": {
    "decorator": {
      "type": "minecraft:count_extra",
      "config": {
        "count": 250,
        "extra_count": 0,
        "extra_chance": 0
      }
    },
    "feature": {
      "type": "minecraft:decorated",
      "config": {
        "decorator": {
          "type": "minecraft:square",
          "config": {}
        },
        "feature": {
          "type": "minecraft:decorated",
          "config": {
            "decorator": {
              "type": "minecraft:range",
              "config": {
                "maximum": 80,
                "bottom_offset": 60,
                "top_offset": 0
              }
            },
            "feature": {
              "type": "minecraft:simple_block",
              "config": {
                "to_place": {
                  "Name": "minecraft:campfire",
                  "Properties": {
                    "facing": "north",
                    "lit": "true",
                    "signal_fire": "false",
                    "waterlogged": "true"
                  }
                },
                "place_on": [
                  {
                    "Name": "minecraft:basalt",
                    "Properties": {
                      "axis": "y"
                    }
                  }
                ],
                "place_in": [
                  {
                    "Name": "minecraft:basalt",
                    "Properties": {
                      "axis": "y"
                    }
                  }
                ],
                "place_under": [
                  {
                    "Name": "minecraft:lava",
                    "Properties": {
                      "level": "0"
                    }
                  }
                ]
              }
            }
          }
        }
      }
    }
  }
}