{
  "type": "minecraft:decorated",
  "config": {
    "decorator": {
      "type": "minecraft:count_extra",
      "config": {
        "count": 400,
        "extra_count": 0,
        "extra_chance": 0
      }
    },
    "feature": {
      "type": "minecraft:decorated",
      "config": {
        "decorator": {
          "type": "minecraft:heightmap",
          "config": {}
        },
        "feature": {
          "type": "minecraft:decorated",
          "config": {
            "decorator": {
              "type": "minecraft:decorated",
              "config": {
                "outer": {
                  "type": "minecraft:square",
                  "config": {}
                },
                "inner": {
                  "type": "minecraft:square",
                  "config": {}
                }
              }
            },
            "feature": {
              "type": "minecraft:ore",
              "config": {
                "state": {
                  "Name": "minecraft:sand"
                },
                "size": 10,
                "target": {
                  "predicate_type": "minecraft:block_match",
                  "block": "minecraft:grass_block"
                }
              }
            }
          }
        }
      }
    }
  }
}