{
  "type": "minecraft:decorated",
  "config": {
    "decorator": {
      "type": "minecraft:count_noise_biased",
      "config": {
        "noise_to_count_ratio": 1,
        "noise_factor": 150,
        "noise_offset": -0.5
      }
    },
    "feature": {
      "type": "minecraft:decorated",
      "config": {
        "decorator": {
          "type": "minecraft:decorated",
          "config": {
            "outer": {
              "type": "minecraft:square",
              "config": {}
            },
            "inner": {
              "type": "minecraft:heightmap",
              "config": {}
            }
          }
        },
        "feature": {
          "type": "minecraft:decorated",
          "config": {
            "decorator": {
              "type": "minecraft:count_extra",
              "config": {
                "count": 1,
                "extra_count": 10,
                "extra_chance": 0.5
              }
            },
            "feature": {
              "type": "minecraft:block_pile",
              "config": {
                "state_provider": {
                  "type": "minecraft:weighted_state_provider",
                  "entries": [
                    {
                      "weight": 3,
                      "data": {
                        "Name": "minecraft:dark_oak_leaves",
                        "Properties": {
                          "persistent": "true",
                          "distance": "7"
                        }
                      }
                    },
                    {
                      "weight": 1,
                      "data": {
                        "Name": "minecraft:air"
                      }
                    }
                  ]
                }
              }
            }
          }
        }
      }
    }
  }
}