{
  "config": {
    "feature": {
      "config": {
        "feature": {
          "config": {
            "features": [
          {
            "feature": "wythers:dark_forest/feature_tree_giant_dark_oak_dead",
            "chance": 0.01
          },
          {
            "feature": "wythers:dark_forest/feature_tree_giant_dark_oak",
            "chance": 0.3
          }
        ],
            "default": "wythers:dark_forest/giant_mushrooms"
          },
          "type": "minecraft:random_selector"
        },
        "decorator": {
          "config": {
            "outer": {
              "config": {},
              "type": "minecraft:square"
            },
            "inner": {
              "config": {},
              "type": "minecraft:heightmap"
            }
          },
          "type": "minecraft:decorated"
        }
      },
      "type": "minecraft:decorated"
    },
    "decorator": {
      "config": {
        "count": 10,
        "extra_chance": 0.1,
        "extra_count": 0
      },
      "type": "minecraft:count_extra"
    }
  },
  "type": "minecraft:decorated"
}