{
  "config": {
    "feature": {
      "config": {
        "feature": {
          "config": {
            "features": [
          {
            "feature": "wythers:dark_forest/mushroom_huge_jack_o_lantern",
            "chance": 0.003
          },
          {
            "feature": "wythers:dark_forest/feature_tree_big_oak",
            "chance": 0.3
          },
          {
            "feature": "wythers:dark_forest/feature_tree_oak_dead",
            "chance": 0.05
          },
          {
            "feature": "minecraft:mega_spruce",
            "chance": 0.02
          },
          {
            "feature": "wythers:dark_forest/mushroom_huge_enoki",
            "chance": 0.05
          },
          {
            "feature": "wythers:dark_forest/mushroom_huge_white_1",
            "chance": 0.008
          },
          {
            "feature": "wythers:dark_forest/mushroom_huge_red_1",
            "chance": 0.008
          },
          {
            "feature": "wythers:dark_forest/mushroom_huge_red_toadstool",
            "chance": 0.008
          },
          {
            "feature": "wythers:dark_forest/mushroom_huge_brown_toadstool",
            "chance": 0.008
          },
          {
            "feature": "wythers:dark_forest/mushroom_huge_brown_sprout",
            "chance": 0.05
          }
        ],
            "default": "wythers:dark_forest/feature_tree_oak"
          },
          "type": "minecraft:random_selector"
        },
        "decorator": {
          "config": {
            "outer": {
              "config": {},
              "type": "minecraft:square"
            },
            "inner": {
              "config": {},
              "type": "minecraft:heightmap"
            }
          },
          "type": "minecraft:decorated"
        }
      },
      "type": "minecraft:decorated"
    },
    "decorator": {
      "config": {
        "count": 30,
        "extra_chance": 0.1,
        "extra_count": 20
      },
      "type": "minecraft:count_extra"
    }
  },
  "type": "minecraft:decorated"
}