{
  "type": "minecraft:decorated",
  "config": {
    "decorator": {
      "type": "minecraft:count_extra",
      "config": {
        "count": 300,
        "extra_count": 0,
        "extra_chance": 0
      }
    },
    "feature": {
      "type": "minecraft:random_selector",
      "config": {
        "features": [
          {
            "chance": 0.007,
            "feature": "wythers:giant_taiga/tree_component_giant_sequoia_foot_1"
          },
          {
            "chance": 0.005,
            "feature": "wythers:giant_taiga/tree_component_giant_sequoia_foot_2"
          },
          {
            "chance": 0.003,
            "feature": "wythers:giant_taiga/tree_component_giant_sequoia_foot_3"
          },
          {
            "chance": 0.3,
            "feature": "wythers:giant_taiga/tree_component_giant_sequoia_base_1"
          },
          {
            "chance": 0.3,
            "feature": "wythers:giant_taiga/tree_component_giant_sequoia_base_2"
          },
          {
            "chance": 0.15,
            "feature": "wythers:giant_taiga/tree_component_giant_sequoia_crown_1"
          },
          {
            "chance": 0.15,
            "feature": "wythers:giant_taiga/tree_component_giant_sequoia_crown_2"
          },
          {
            "chance": 0.05,
            "feature": "wythers:giant_taiga/tree_component_giant_sequoia_crown_3"
          },
          {
            "chance": 0.3,
            "feature": "wythers:giant_taiga/tree_component_giant_sequoia_base_4"
          }
        ],
        "default": "wythers:giant_taiga/tree_component_giant_sequoia_base"
      }
    }
  }
}