{
  "config": {
    "max_water_depth": 2147483647,
    "ignore_vines": true,
    "heightmap": "WORLD_SURFACE_WG",
    "minimum_size": {
      "middle_size": 0,
      "upper_size": 0,
      "limit": 0,
      "upper_limit": 0,
      "lower_size": 0,
      "type": "minecraft:three_layers_feature_size"
    },
    "decorators": [],
    "trunk_provider": {
      "state": {
        "Properties": {
          "axis": "y"
        },
        "Name": "minecraft:spruce_log"
      },
      "type": "minecraft:simple_state_provider"
    },
    "leaves_provider": {
      "state": {
        "Properties": {
          "axis": "y"
        },
        "Name": "minecraft:spruce_log"
      },
      "type": "minecraft:simple_state_provider"
    },
    "foliage_placer": {
      "radius": 2,
      "offset": 0,
      "height": 4,
      "type": "minecraft:fancy_foliage_placer"
    },
    "trunk_placer": {
      "base_height": 32,
      "height_rand_a": 20,
      "height_rand_b": 10,
      "type": "minecraft:straight_trunk_placer"
    }
  },
  "type": "minecraft:tree"
}