{
  "type": "minecraft:decorated",
  "config": {
    "decorator": {
      "type": "minecraft:count_noise_biased",
      "config": {
        "noise_to_count_ratio": -1,
        "noise_factor": 200,
        "noise_offset": 0.2
      }
    },
    "feature": {
      "type": "minecraft:decorated",
      "config": {
        "decorator": {
          "type": "minecraft:dark_oak_tree",
          "config": {}
        },
        "feature": {
          "type": "minecraft:random_selector",
          "config": {
            "features": [
              {
                "chance": 0.05,
                "feature": "wythers:jungle/feature_tree_palm"
              },
              {
                "chance": 0.1,
                "feature": "wythers:jungle/feature_tree_oak_bees"
              },
              {
                "chance": 0.05,
                "feature": "wythers:generic/feature_tree_oak_bush"
              },
              {
                "chance": 0.25,
                "feature": "wythers:jungle/feature_tree_palm_vines"
              },
              {
                "chance": 0.45,
                "feature": "wythers:jungle/feature_tree_palm"
              },
              {
                "chance": 0.1,
                "feature": "wythers:jungle/feature_tree_banyan"
              }
            ],
            "default": "wythers:jungle/feature_tree_palm"
          }
        }
      }
    }
  }
}