{
  "type": "minecraft:decorated",
  "config": {
    "decorator": {
      "type": "minecraft:count_noise_biased",
      "config": {
        "noise_to_count_ratio": -10,
        "noise_factor": 150,
        "noise_offset": 0.4
      }
    },
    "feature": {
      "type": "minecraft:decorated",
      "config": {
        "decorator": {
          "type": "minecraft:decorated",
          "config": {
            "outer": {
              "type": "minecraft:square",
              "config": {}
            },
            "inner": {
              "type": "minecraft:heightmap",
              "config": {}
            }
          }
        },
        "feature": {
          "type": "minecraft:random_selector",
          "config": {
            "features": [
              {
                "chance": 0.6,
                "feature": "wythers:dark_forest/mushroom_huge_brown_sprout"
              },
              {
                "chance": 0.25,
                "feature": "wythers:dark_forest/mushroom_huge_red_branching"
              }
            ],
            "default": "wythers:mushroom_fields/mushroom_huge_enoki"
          }
        }
      }
    }
  }
}