{
  "type": "minecraft:tree",
  "config": {
    "max_water_depth": 0,
    "ignore_vines": true,
    "heightmap": "OCEAN_FLOOR",
    "minimum_size": {
      "type": "minecraft:two_layers_feature_size",
      "limit": 1,
      "lower_size": 0,
      "upper_size": 1
    },
    "trunk_provider": {
      "type": "minecraft:simple_state_provider",
      "state": {
        "Name": "minecraft:mushroom_stem",
        "Properties": {
          "west": "true",
          "up": "false",
          "south": "true",
          "north": "true",
          "east": "true",
          "down": "false"
        }
      }
    },
    "leaves_provider": {
      "type": "minecraft:simple_state_provider",
      "state": {
        "Name": "minecraft:mushroom_stem",
        "Properties": {
          "west": "true",
          "up": "true",
          "south": "true",
          "north": "true",
          "east": "true",
          "down": "true"
        }
      }
    },
    "trunk_placer": {
      "type": "minecraft:straight_trunk_placer",
      "base_height": 7,
      "height_rand_a": 5,
      "height_rand_b": 10
    },
    "foliage_placer": {
      "type": "minecraft:fancy_foliage_placer",
      "radius": 1,
      "offset": 0,
      "height": 3
    },
    "decorators": [
      {
        "type": "minecraft:alter_ground",
        "provider": {
          "type": "minecraft:weighted_state_provider",
          "entries": [
            {
              "weight": 1,
              "data": {
                "Name": "minecraft:mycelium",
                "Properties": {
                  "snowy": "false"
                }
              }
            },
            {
              "weight": 1,
              "data": {
                "Name": "minecraft:mycelium",
                "Properties": {
                  "snowy": "false"
                }
              }
            }
          ]
        }
      }
    ]
  }
}