{
  "scale": 0.0,
  "effects": {
    "mood_sound": {
      "sound": "minecraft:ambient.cave",
      "tick_delay": 6000,
      "block_search_extent": 8,
      "offset": 2.0
    },
    "foliage_color": 9298802,
    "sky_color": 7972607,
    "fog_color": 12638463,
    "water_color": 3156992,
    "water_fog_color": 2302743
  },
  "surface_builder": "minecraft:grass",
  "carvers": {
    "air": [
      "minecraft:cave"
    ]
  },
  "features": [
    [],
    [],
    [],
    [
      "minecraft:monster_room"
    ],
    [],
    [],
    [
      "minecraft:ore_dirt",
      "minecraft:ore_gravel",
      "minecraft:ore_granite",
      "minecraft:ore_diorite",
      "minecraft:ore_andesite",
      "minecraft:ore_coal",
      "minecraft:ore_iron",
      "minecraft:ore_gold",
      "minecraft:ore_redstone",
      "minecraft:ore_diamond",
      "minecraft:ore_lapis",
      "minecraft:disk_sand",
      "minecraft:disk_clay",
      "minecraft:disk_gravel"
    ],
    [],
    [
      "wythers:giant_taiga/temperate_rainforest_vegetation",
      "minecraft:taiga_vegetation",
      "minecraft:patch_large_fern",
      "minecraft:patch_dead_bush",
      "minecraft:patch_grass_jungle",
      "minecraft:brown_mushroom_normal",
      "minecraft:red_mushroom_normal",
      "minecraft:spring_water",
      "minecraft:vines"
    ],
    [
      "minecraft:freeze_top_layer"
    ]
  ],
  "starts": [],
  "spawners": {
    "monster": [
      {
        "type": "minecraft:spider",
        "weight": 100,
        "minCount": 4,
        "maxCount": 4
      },
      {
        "type": "minecraft:zombie",
        "weight": 95,
        "minCount": 4,
        "maxCount": 4
      },
      {
        "type": "minecraft:zombie_villager",
        "weight": 5,
        "minCount": 1,
        "maxCount": 1
      },
      {
        "type": "minecraft:skeleton",
        "weight": 100,
        "minCount": 4,
        "maxCount": 4
      },
      {
        "type": "minecraft:creeper",
        "weight": 100,
        "minCount": 4,
        "maxCount": 4
      },
      {
        "type": "minecraft:slime",
        "weight": 100,
        "minCount": 4,
        "maxCount": 4
      },
      {
        "type": "minecraft:enderman",
        "weight": 10,
        "minCount": 1,
        "maxCount": 4
      },
      {
        "type": "minecraft:witch",
        "weight": 10,
        "minCount": 1,
        "maxCount": 1
      }
    ],
    "creature": [
      {
        "type": "minecraft:wolf",
        "weight": 2,
        "minCount": 4,
        "maxCount": 4
      },
      {
        "type": "minecraft:polar_bear",
        "weight": 2,
        "minCount": 1,
        "maxCount": 1
      }
    ],
    "ambient": [
      {
        "type": "minecraft:bat",
        "weight": 10,
        "minCount": 8,
        "maxCount": 8
      }
    ],
    "water_creature": [],
    "water_ambient": [
      {
        "type": "minecraft:salmon",
        "weight": 5,
        "minCount": 1,
        "maxCount": 5
      }
    ],
    "misc": []
  },
  "spawn_costs": {},
  "player_spawn_friendly": false,
  "precipitation": "rain",
  "temperature": 0.7,
  "downfall": 0.8,
  "category": "forest",
  "depth": 0.1
}