{
  "scale": 0.0,
  "effects": {
    "mood_sound": {
      "sound": "minecraft:ambient.cave",
      "tick_delay": 6000,
      "block_search_extent": 8,
      "offset": 2.0
    },
    "grass_color": 16765810,
    "sky_color": 7711487,
    "fog_color": 14598542,
    "water_color": 4566514,
    "water_fog_color": 267827
  },
  "surface_builder": "minecraft:grass",
  "carvers": {
    "air": [
      "minecraft:cave"
    ]
  },
  "features": [
    [],
    [
      "wythers:savanna/cnb_heightmap_ore_coarse_dirt_drylands",
      "wythers:generic/lake_salt",
      "wythers:generic/lake_coarse_dirt"
    ],
    [
      "wythers:savanna/cnb_heightmap_ore_terracotta_drylands"
    ],
    [
      "minecraft:monster_room"
    ],
    [],
    [],
    [
      "wythers:desert/replace_glacier_to_terracotta",
      "wythers:desert/replace_glacier_to_smooth_sandstone",
      "wythers:desert/ore_replace_glacier",
      "minecraft:ore_dirt",
      "minecraft:ore_gravel",
      "minecraft:ore_granite",
      "minecraft:ore_diorite",
      "minecraft:ore_andesite",
      "minecraft:ore_coal",
      "minecraft:ore_iron",
      "minecraft:ore_gold",
      "minecraft:ore_redstone",
      "minecraft:ore_diamond",
      "minecraft:ore_lapis"
    ],
    [],
    [
      "wythers:savanna/patch_dead_bush",
      "minecraft:patch_tall_grass",
      "wythers:savanna/cnb_vegetation_grassland",
      "wythers:savanna/cnb_vegetation_savanna",
      "wythers:savanna/cnb_vegetation_miombo_woodland",
      "wythers:savanna/cnb_vegetation_miombo_forest",
      "minecraft:patch_grass_savanna",
      "minecraft:brown_mushroom_normal",
      "minecraft:red_mushroom_normal",
      "minecraft:patch_sugar_cane",
      "minecraft:spring_water",
      "wythers:generic/patch_stones_south_1",
      "wythers:generic/patch_stones_east_2",
      "wythers:savanna/disk_coarse_dirt",
      "minecraft:patch_waterlilly",
      "wythers:savanna/simple_seagrass"
    ],
    [
      "minecraft:freeze_top_layer"
    ]
  ],
  "starts": [
    "minecraft:village_savanna",
    "minecraft:pillager_outpost",
    "minecraft:mineshaft",
    "minecraft:stronghold",
    "minecraft:ruined_portal"
  ],
  "spawners": {
    "monster": [
      {
        "type": "minecraft:spider",
        "weight": 100,
        "minCount": 4,
        "maxCount": 4
      },
      {
        "type": "minecraft:zombie",
        "weight": 95,
        "minCount": 4,
        "maxCount": 4
      },
      {
        "type": "minecraft:zombie_villager",
        "weight": 5,
        "minCount": 1,
        "maxCount": 1
      },
      {
        "type": "minecraft:skeleton",
        "weight": 100,
        "minCount": 4,
        "maxCount": 4
      },
      {
        "type": "minecraft:creeper",
        "weight": 100,
        "minCount": 4,
        "maxCount": 4
      },
      {
        "type": "minecraft:slime",
        "weight": 100,
        "minCount": 4,
        "maxCount": 4
      },
      {
        "type": "minecraft:enderman",
        "weight": 10,
        "minCount": 1,
        "maxCount": 4
      },
      {
        "type": "minecraft:witch",
        "weight": 5,
        "minCount": 1,
        "maxCount": 1
      },
      {
        "type": "minecraft:ocelot",
        "weight": 4,
        "minCount": 1,
        "maxCount": 3
      }
    ],
    "creature": [
      {
        "type": "minecraft:hoglin",
        "weight": 5,
        "minCount": 2,
        "maxCount": 4
      },
      {
        "type": "minecraft:chicken",
        "weight": 50,
        "minCount": 4,
        "maxCount": 4
      },
      {
        "type": "minecraft:cow",
        "weight": 8,
        "minCount": 4,
        "maxCount": 4
		},
      {
        "type": "minecraft:parrot",
        "weight": 100,
        "minCount": 4,
        "maxCount": 6
		}
    ],
    "ambient": [
      {
        "type": "minecraft:bat",
        "weight": 10,
        "minCount": 8,
        "maxCount": 8
      }
    ],
    "ambient": [
      {
        "type": "minecraft:bat",
        "weight": 10,
        "minCount": 8,
        "maxCount": 8
      }
    ],
    "water_creature": [],
    "water_ambient": [
      {
        "type": "minecraft:cod",
        "weight": 5,
        "minCount": 1,
        "maxCount": 5
      }
    ],
    "misc": []
  },
  "spawn_costs": {},
  "player_spawn_friendly": false,
  "precipitation": "none",
  "temperature": 1.2,
  "downfall": 0.0,
  "category": "savanna",
  "depth": 0.05
}