{
  "surface_builder": "wythers:thermal_mountains",
  "depth": 0.5,
  "scale": 0.6,
  "temperature": 0.21,
  "downfall": 0.8,
  "precipitation": "rain",
  "category": "taiga",
  "player_spawn_friendly": false,
  "effects": {
    "sky_color": 8233983,
    "fog_color": 12638463,
    "water_color": 8054773,
    "water_fog_color": 5414567,
    "foliage_color": 16762930,
    "mood_sound": {
      "sound": "minecraft:ambient.cave",
      "tick_delay": 6000,
      "block_search_extent": 8,
      "offset": 2
    }
  },
  "starts": [
    "minecraft:mineshaft",
    "minecraft:stronghold",
    "minecraft:ruined_portal_mountain"
  ],
  "spawners": {
    "monster": [
      {
        "type": "minecraft:spider",
        "weight": 100,
        "minCount": 4,
        "maxCount": 4
      },
      {
        "type": "minecraft:zombie",
        "weight": 95,
        "minCount": 4,
        "maxCount": 4
      },
      {
        "type": "minecraft:zombie_villager",
        "weight": 5,
        "minCount": 1,
        "maxCount": 1
      },
      {
        "type": "minecraft:skeleton",
        "weight": 100,
        "minCount": 4,
        "maxCount": 4
      },
      {
        "type": "minecraft:creeper",
        "weight": 100,
        "minCount": 4,
        "maxCount": 4
      },
      {
        "type": "minecraft:slime",
        "weight": 100,
        "minCount": 4,
        "maxCount": 4
      },
      {
        "type": "minecraft:enderman",
        "weight": 10,
        "minCount": 1,
        "maxCount": 4
      },
      {
        "type": "minecraft:witch",
        "weight": 5,
        "minCount": 1,
        "maxCount": 1
      }
    ],
    "creature": [
      {
        "type": "minecraft:chicken",
        "weight": 10,
        "minCount": 4,
        "maxCount": 4
      },
      {
        "type": "minecraft:wolf",
        "weight": 8,
        "minCount": 4,
        "maxCount": 4
      },
      {
        "type": "minecraft:rabbit",
        "weight": 4,
        "minCount": 2,
        "maxCount": 3
      },
      {
        "type": "minecraft:fox",
        "weight": 8,
        "minCount": 2,
        "maxCount": 4
      }
    ],
    "ambient": [
      {
        "type": "minecraft:bat",
        "weight": 10,
        "minCount": 8,
        "maxCount": 8
      }
    ],
    "water_creature": [],
    "water_ambient": [],
    "misc": []
  },
  "spawn_costs": {},
  "carvers": {
    "air": [
      "minecraft:cave"
    ]
  },
  "features": [
    [
      "wythers:generic/feature_fallen_spruce_x",
      "wythers:generic/feature_fallen_spruce_z"
    ],
    [],
    [],
    [
      "minecraft:monster_room"
    ],
    [],
    [],
    [
      "wythers:taiga/heightmap_ore_stone_in_grass_higher",
      "wythers:generic/ore_base_diorite",
      "wythers:taiga/replace_dirt_to_gravel",
      "wythers:taiga/mountains_disk_white_terracotta",
      "wythers:taiga/mountains_disk_orange_terracotta",
      "wythers:taiga/mountains_disk_yellow_terracotta",
      "wythers:taiga/mountains_yellow_terracotta",
      "wythers:taiga/mountains_lime_terracotta",
      "wythers:taiga/mountains_cyan_terracotta",
      "wythers:taiga/mountains_gray_terracotta",
      "minecraft:ore_dirt",
      "minecraft:ore_gravel",
      "minecraft:ore_granite",
      "minecraft:ore_diorite",
      "minecraft:ore_andesite",
      "minecraft:ore_coal",
      "minecraft:ore_iron",
      "minecraft:ore_gold",
      "minecraft:ore_redstone",
      "minecraft:ore_diamond",
      "minecraft:ore_lapis",
      "wythers:taiga/mountains_disk_magma",
      "wythers:taiga/mountains_ore_brown_concrete_powder",
      "wythers:taiga/mountains_ore_gray_concrete_powder",
      "wythers:taiga/mountains_ore_light_gray_concrete_powder"
    ],
    [],
    [
      "minecraft:patch_large_fern",
      "wythers:taiga/no_bonemeal_flower_sweet_berry_bush",
      "wythers:taiga/mountains_vegetation",
      "wythers:taiga/patch_flowers_single",
      "wythers:taiga/patch_flowers_double",
      "minecraft:patch_grass_savanna",
      "minecraft:patch_grass_jungle",
      "minecraft:brown_mushroom_taiga",
      "minecraft:red_mushroom_taiga",
      "minecraft:brown_mushroom_normal",
      "minecraft:red_mushroom_normal",
      "minecraft:patch_pumpkin",
      "minecraft:spring_water",
      "wythers:taiga/mountains_campfire_magma",
      "wythers:taiga/mountains_campfire_yellow",
      "wythers:taiga/mountains_campfire_lime",
      "wythers:taiga/mountains_campfire_cyan",
      "wythers:taiga/mountains_campfire_gray"
    ],
    [
      "minecraft:freeze_top_layer"
    ]
  ]
}