{
  "scale": 0.3,
  "effects": {
    "mood_sound": {
      "sound": "minecraft:ambient.cave",
      "tick_delay": 6000,
      "block_search_extent": 8,
      "offset": 2.0
    },
    "sky_color": 5421806,
    "fog_color": 12638463,
    "water_color": 4445678,
    "water_fog_color": 270131
  },
  "surface_builder": "minecraft:grass",
  "carvers": {
    "air": [
      "minecraft:ocean_cave"
    ],
    "liquid": [
      "minecraft:underwater_canyon",
      "minecraft:underwater_cave"
    ]
  },
  "features": [
    [],
    [],
    [],
    [
      "minecraft:monster_room"
    ],
    [],
    [],
    [
      "wythers:warm_ocean/disk_sand_seafloor",
      "wythers:warm_ocean/ore_replace_dirt_to_stone",
      "wythers:warm_ocean/heightmap_ore_mossy_cobblestone",
      "minecraft:ore_dirt",
      "minecraft:ore_gravel",
      "minecraft:ore_granite",
      "minecraft:ore_diorite",
      "minecraft:ore_andesite",
      "minecraft:ore_coal",
      "minecraft:ore_iron",
      "minecraft:ore_gold",
      "minecraft:ore_redstone",
      "minecraft:ore_diamond",
      "minecraft:ore_lapis",
      "wythers:warm_ocean/disk_dead_coral",
      "wythers:generic/disk_sand_beach"
    ],
    [
      "wythers:warm_ocean/cave_vines"
    ],
    [
      "wythers:warm_ocean/island_vegetation",
      "wythers:warm_ocean/patch_flowers_double",
      "wythers:generic/flower_lily_of_the_valley",
      "minecraft:patch_grass_jungle",
      "minecraft:patch_sugar_cane_swamp",
      "minecraft:brown_mushroom_normal",
      "minecraft:red_mushroom_normal",
      "minecraft:patch_sugar_cane",
      "minecraft:patch_melon",
      "wythers:warm_ocean/patch_pineapple",
      "wythers:warm_ocean/patch_pineapple_leaves",
      "minecraft:spring_water",
      "minecraft:spring_water",
      "minecraft:spring_water",
      "minecraft:warm_ocean_vegetation",
      "minecraft:seagrass_warm",
      "minecraft:sea_pickle",
      "wythers:warm_ocean/patch_small_bamboo_base",
      "wythers:warm_ocean/patch_small_bamboo_middle",
      "wythers:warm_ocean/patch_small_bamboo_top",
      "wythers:warm_ocean/cave_vines_extension",
      "wythers:warm_ocean/cave_vines_extension",
      "wythers:warm_ocean/cave_vines_extension"
    ],
    [
      "minecraft:freeze_top_layer"
    ]
  ],
  "starts": [
    "minecraft:buried_treasure",
    "minecraft:ocean_ruin_warm",
    "minecraft:mineshaft",
    "minecraft:shipwreck",
    "minecraft:ruined_portal_jungle"
  ],
  "spawners": {
    "monster": [
      {
        "type": "minecraft:spider",
        "weight": 100,
        "minCount": 4,
        "maxCount": 4
      },
      {
        "type": "minecraft:zombie",
        "weight": 95,
        "minCount": 4,
        "maxCount": 4
      },
      {
        "type": "minecraft:zombie_villager",
        "weight": 5,
        "minCount": 1,
        "maxCount": 1
      },
      {
        "type": "minecraft:skeleton",
        "weight": 100,
        "minCount": 4,
        "maxCount": 4
      },
      {
        "type": "minecraft:creeper",
        "weight": 100,
        "minCount": 4,
        "maxCount": 4
      },
      {
        "type": "minecraft:slime",
        "weight": 100,
        "minCount": 4,
        "maxCount": 4
      },
      {
        "type": "minecraft:enderman",
        "weight": 10,
        "minCount": 1,
        "maxCount": 4
      },
      {
        "type": "minecraft:witch",
        "weight": 5,
        "minCount": 1,
        "maxCount": 1
      },
      {
        "type": "minecraft:drowned",
        "weight": 5,
        "minCount": 1,
        "maxCount": 1
      }
    ],
    "creature": [
      {
        "type": "minecraft:turtle",
        "weight": 100,
        "minCount": 4,
        "maxCount": 6
      },
      {
        "type": "minecraft:pig",
        "weight": 100,
        "minCount": 4,
        "maxCount": 4
      },
      {
        "type": "minecraft:chicken",
        "weight": 100,
        "minCount": 4,
        "maxCount": 4
      },
      {
        "type": "minecraft:parrot",
        "weight": 100,
        "minCount": 4,
        "maxCount": 6
		}
    ],
    "ambient": [
      {
        "type": "minecraft:bat",
        "weight": 10,
        "minCount": 8,
        "maxCount": 8
      }
    ],
    "water_creature": [
      {
        "type": "minecraft:squid",
        "weight": 10,
        "minCount": 4,
        "maxCount": 4
      },
      {
        "type": "minecraft:dolphin",
        "weight": 2,
        "minCount": 1,
        "maxCount": 2
      }
    ],
    "water_ambient": [
      {
        "type": "minecraft:pufferfish",
        "weight": 15,
        "minCount": 1,
        "maxCount": 3
      },
      {
        "type": "minecraft:tropical_fish",
        "weight": 25,
        "minCount": 8,
        "maxCount": 8
      }
    ],
    "misc": []
  },
  "spawn_costs": {},
  "player_spawn_friendly": false,
  "precipitation": "rain",
  "temperature": 0.9,
  "downfall": 0.8,
  "category": "ocean",
  "depth": -0.4
}